n,b,m,k,num_docs,time_sec,mean_cosine,cosine_hamming
100000,4,64,0,3300,181.21692562103271,0.9667804,1.0
100000,4,64,2,25301,91.40816831588745,0.9243022,0.996348250589345
